{
  "seed": 2222,
  "device": "cuda",
  "split": {
    "train_ratio": 0.8,
    "val_ratio": 0.1,
    "test_ratio": 0.1,
    "train_positive_edges": 196688,
    "val_positive_edges": 24586,
    "test_positive_edges": 24587
  },
  "search": {
    "num_trials": 1,
    "quick_mode": false,
    "loss_type": "bce",
    "focal_gamma": 2.0,
    "focal_alpha": 0.25,
    "bce_pos_weight": 1.0,
    "trials": [
      {
        "trial_id": 1,
        "hidden_dim": 24,
        "heads": 2,
        "dropout": 0.3,
        "embed_dim": 64,
        "decoder_hidden_dim": 96,
        "lr": 0.002,
        "weight_decay": 5e-05,
        "neg_ratio": 1.0,
        "hard_fraction": 0.4,
        "best_epoch": 74,
        "best_val_auc": 0.9279530193021739,
        "val_auc_selected": 0.9279530193021739,
        "val_f1_selected": 0.867970190534228,
        "test_auc_selected": 0.9285274898561806,
        "test_f1_selected": 0.8692686478506637
      }
    ]
  },
  "best_trial": {
    "trial_id": 1,
    "best_epoch": 74,
    "best_val_auc": 0.9279530193021739,
    "config": {
      "hidden_dim": 24,
      "heads": 2,
      "dropout": 0.3,
      "embed_dim": 64,
      "decoder_hidden_dim": 96,
      "lr": 0.002,
      "weight_decay": 5e-05,
      "neg_ratio": 1.0,
      "hard_fraction": 0.4
    }
  },
  "threshold_selected_on_val": 0.11,
  "blend": {
    "enabled": false,
    "weight": 0.0,
    "threshold": 0.11
  },
  "val_metrics_at_selected_threshold": {
    "precision": 0.8222941989955601,
    "recall": 0.9190189538761897,
    "f1": 0.867970190534228,
    "accuracy": 0.8602049947124379,
    "tp": 22595.0,
    "fp": 4883.0,
    "tn": 19703.0,
    "fn": 1991.0
  },
  "test": {
    "auc": 0.9285274898561806,
    "f1": 0.8692686478506637,
    "precision": 0.8217649615997682,
    "recall": 0.9226013747102128,
    "accuracy": 0.8612478138853866
  },
  "baseline_targets": {
    "auc_target": 0.875,
    "f1_target": 0.85,
    "pass_auc": true,
    "pass_f1": true,
    "pass_both": true
  }
}