{
  "seed": 42,
  "device": "cuda",
  "split": {
    "train_ratio": 0.7,
    "val_ratio": 0.15,
    "test_ratio": 0.15,
    "train_positive_edges": 172102,
    "val_positive_edges": 36879,
    "test_positive_edges": 36880,
    "val_negative_edges": 36879,
    "test_negative_edges": 36880
  },
  "loss_function": "BCEWithLogitsLoss",
  "best_epoch": 5,
  "best_val_auc": 0.6905428292590374,
  "threshold_selected_on_val": 0.8625,
  "val_metrics_at_selected_threshold": {
    "precision": 0.50063882998967,
    "recall": 0.9987526776756419,
    "f1": 0.6669563879000722,
    "accuracy": 0.5012744380270615,
    "tp": 36833.0,
    "fp": 36739.0,
    "tn": 140.0,
    "fn": 46.0
  },
  "test": {
    "auc": 0.6940270505620622,
    "f1": 0.6670047819152194,
    "precision": 0.5007615317667538,
    "recall": 0.9984815618221258,
    "accuracy": 0.5015184381778742
  }
}