{
  "seed": 42,
  "device": "cuda",
  "split": {
    "train_ratio": 0.35,
    "val_ratio": 0.25,
    "test_ratio": 0.4,
    "train_count": 4814,
    "val_count": 3440,
    "test_count": 5498
  },
  "hyperparameters": {
    "epochs": 300,
    "patience": 40,
    "lr": 0.005,
    "weight_decay": 0.0005,
    "dropout": 0.5,
    "hidden_dim": 32,
    "heads": 8
  },
  "best_epoch": 257,
  "best_val_acc": 0.9159883856773376,
  "test_loss": 0.29046714305877686,
  "test_acc": 0.910149097442627,
  "per_class": {
    "0": {
      "accuracy": 0.9252873563218391,
      "class_name": "Desktops",
      "count": 174
    },
    "1": {
      "accuracy": 0.927570093457944,
      "class_name": "Data Storage",
      "count": 856
    },
    "2": {
      "accuracy": 0.9769911504424779,
      "class_name": "Laptops",
      "count": 565
    },
    "3": {
      "accuracy": 0.8703703703703703,
      "class_name": "Monitors",
      "count": 216
    },
    "4": {
      "accuracy": 0.9301987396994668,
      "class_name": "Computer Components",
      "count": 2063
    },
    "5": {
      "accuracy": 0.967479674796748,
      "class_name": "Video Projectors",
      "count": 123
    },
    "6": {
      "accuracy": 0.6,
      "class_name": "Routers",
      "count": 195
    },
    "7": {
      "accuracy": 0.9451219512195121,
      "class_name": "Tablets",
      "count": 328
    },
    "8": {
      "accuracy": 0.857308584686775,
      "class_name": "Networking Products",
      "count": 862
    },
    "9": {
      "accuracy": 0.9051724137931034,
      "class_name": "Webcams",
      "count": 116
    }
  }
}